{
  "project_info": {
    "project_number": "216695573226",
    "project_id": "examen-push-a44c0",
    "storage_bucket": "examen-push-a44c0.appspot.com"
  },
  "client": [
    {
      "client_info": {
        "mobilesdk_app_id": "1:216695573226:android:8699e54f5a5ed6178b2593",
        "android_client_info": {
          "package_name": "com.example.examen_2"
        }
      },
      "oauth_client": [],
      "api_key": [
        {
          "current_key": "AIzaSyCqSquahr3PWhoMnc2RGyTzpwlxpv5aIrQ"
        }
      ],
      "services": {
        "appinvite_service": {
          "other_platform_oauth_client": []
        }
      }
    }
  ],
  "configuration_version": "1"
}