{"flutter":{"platforms":{"android":{"default":{"projectId":"examen-push-a44c0","appId":"1:216695573226:android:8699e54f5a5ed6178b2593","fileOutput":"android/app/google-services.json"}},"dart":{"lib/firebase_options.dart":{"projectId":"examen-push-a44c0","configurations":{"android":"1:216695573226:android:8699e54f5a5ed6178b2593","ios":"1:216695573226:ios:9b75929df28993478b2593","macos":"1:216695573226:ios:9b75929df28993478b2593","web":"1:216695573226:web:f904ba69321983b08b2593","windows":"1:216695573226:web:4664bf6a69743e098b2593"}}}}}}